{
  "Bhaktapur": {
    "Latitude": 27.63333333,
    "Longitude": 85.4,
    "Shape_Length": 0.575091,
    "Shape_Area": 0.011258,
    "area km^2": 119,
    "population": 304651,
    "population density": 2560.092437,
    "relative_population_ratio": 0.727311876,
    "%male": 48.5,
    "%female": 51.5,
    "sex ratio": 0.941747573,
    "%youth": 35,
    "%elderly": 13,
    "dependecny ratio": 0.923076923,
    "disability_rate": 0.011,
    "poverty_rate": 0.125,
    "literacy_rate": 0.82,
    "Vulerability Score": 0.758420795
  },
  "Dhankuta": {
    "Latitude": 26.91666667,
    "Longitude": 87.66666667,
    "Shape_Length": 1.638431,
    "Shape_Area": 0.081711,
    "area km^2": 892,
    "population": 163412,
    "population density": 183.1973094,
    "relative_population_ratio": 0.052045612,
    "%male": 45,
    "%female": 55,
    "sex ratio": 0.818181818,
    "%youth": 44,
    "%elderly": 17,
    "dependecny ratio": 1.564102564,
    "disability_rate": 0.03,
    "poverty_rate": 0.159,
    "literacy_rate": 0.74,
    "Vulerability Score": 0.423490941
  },
  "Nuwakot": {
    "Latitude": 28.16666667,
    "Longitude": 83.91666667,
    "Shape_Length": 1.997352,
    "Shape_Area": 0.109359,
    "area km^2": 1121,
    "population": 277471,
    "population density": 247.5209634,
    "relative_population_ratio": 0.070319702,
    "%male": 48,
    "%female": 52,
    "sex ratio": 0.923076923,
    "%youth": 45,
    "%elderly": 19,
    "dependecny ratio": 1.777777778,
    "disability_rate": 0.017,
    "poverty_rate": 0.23,
    "literacy_rate": 0.6,
    "Vulerability Score": 0.503643958
  },
  "Baitadi": {
    "Latitude": 29.58333333,
    "Longitude": 80.41666667,
    "Shape_Length": 2.499112,
    "Shape_Area": 0.138876,
    "area km^2": 1519,
    "population": 250898,
    "population density": 165.1731402,
    "relative_population_ratio": 0.046925019,
    "%male": 47,
    "%female": 53,
    "sex ratio": 0.886792453,
    "%youth": 52,
    "%elderly": 15,
    "dependecny ratio": 2.03030303,
    "disability_rate": 0.031,
    "poverty_rate": 0.457,
    "literacy_rate": 0.63,
    "Vulerability Score": 0.527394719
  },
  "Ramechhap": {
    "Latitude": 27.41666667,
    "Longitude": 86.16666667,
    "Shape_Length": 2.824801,
    "Shape_Area": 0.14286,
    "area km^2": 1546,
    "population": 202646,
    "population density": 131.0776197,
    "relative_population_ratio": 0.03723862,
    "%male": 46,
    "%female": 54,
    "sex ratio": 0.851851852,
    "%youth": 46,
    "%elderly": 19,
    "dependecny ratio": 1.857142857,
    "disability_rate": 0.023,
    "poverty_rate": 0.256,
    "literacy_rate": 0.62,
    "Vulerability Score": 0.482432966
  },
  "Ilam": {
    "Latitude": 26.96666667,
    "Longitude": 87.96666667,
    "Shape_Length": 2.450212,
    "Shape_Area": 0.15308,
    "area km^2": 1703,
    "population": 290254,
    "population density": 170.4368761,
    "relative_population_ratio": 0.048420425,
    "%male": 48,
    "%female": 52,
    "sex ratio": 0.923076923,
    "%youth": 41,
    "%elderly": 18,
    "dependecny ratio": 1.43902439,
    "disability_rate": 0.026,
    "poverty_rate": 0.07,
    "literacy_rate": 0.78,
    "Vulerability Score": 0.403067515
  },
  "Jumla": {
    "Latitude": 29.25,
    "Longitude": 82.21666667,
    "Shape_Length": 2.819196,
    "Shape_Area": 0.237082,
    "area km^2": 2531,
    "population": 108921,
    "population density": 43.03476887,
    "relative_population_ratio": 0.012226003,
    "%male": 52,
    "%female": 48,
    "sex ratio": 1.083333333,
    "%youth": 52,
    "%elderly": 11,
    "dependecny ratio": 1.702702703,
    "disability_rate": 0.003,
    "poverty_rate": 0.49,
    "literacy_rate": 0.55,
    "Vulerability Score": 0.517057387
  },
  "Mugu": {
    "Latitude": 29.75,
    "Longitude": 82.5,
    "Shape_Length": 4.026426,
    "Shape_Area": 0.301154,
    "area km^2": 3535,
    "population": 55286,
    "population density": 15.63960396,
    "relative_population_ratio": 0.004443148,
    "%male": 54,
    "%female": 46,
    "sex ratio": 1.173913043,
    "%youth": 53,
    "%elderly": 12,
    "dependecny ratio": 1.857142857,
    "disability_rate": 0.035,
    "poverty_rate": 0.471,
    "literacy_rate": 0.51,
    "Vulerability Score": 0.55244991
  },
  "Mustang": {
    "Latitude": 29.16666667,
    "Longitude": 83.91666667,
    "Shape_Length": 3.205423,
    "Shape_Area": 0.329964,
    "area km^2": 3573,
    "population": 13452,
    "population density": 3.764903442,
    "relative_population_ratio": 0.001069594,
    "%male": 52,
    "%female": 48,
    "sex ratio": 1.083333333,
    "%youth": 31,
    "%elderly": 23,
    "dependecny ratio": 1.173913043,
    "disability_rate": 0.034,
    "poverty_rate": 0.4,
    "literacy_rate": 0.66,
    "Vulerability Score": 0.421281545
  }
}